Employee #,Password
10001,password1234
10002,password1234
10003,password1234
10004,password1234
10005,password1234
10006,password1234
10007,password1234
10008,password1234
10009,password1234
10010,password1234
10011,password1234
10012,password1234
10013,password1234
10014,password1234
10015,password1234
10016,password1234
10017,password1234
10018,password1234
10019,password1234
10020,password1234
10021,password1234
10022,password1234
10023,password1234
10024,password1234
10025,password1234
10026,password1234
10027,password1234
10028,password1234
10029,password1234
10030,password1234
10031,password1234
10032,password1234
10033,password1234
10034,password1234